<?xml version="1.0" encoding="UTF-8"?>
<infoList vendor="NXP">&#x0A;<info chip="MCXN947" name="MCXN947">&#x0A;<chip>&#x0A;<name>MCXN947</name>&#x0A;<family>MCXN9XX</family>&#x0A;<vendor>NXP</vendor>&#x0A;<memory can_program="true" id="Flash" is_ro="true" size="2048" type="Flash"/>&#x0A;<memory id="RAM" size="512" type="RAM"/>&#x0A;<memoryInstance derived_from="Flash" driver="MCXNxxx.cfx" id="PROGRAM_FLASH0" location="0x0" size="0x100000"/>&#x0A;<memoryInstance derived_from="Flash" driver="MCXNxxx.cfx" id="PROGRAM_FLASH1" location="0x100000" size="0x100000"/>&#x0A;<memoryInstance derived_from="RAM" id="SRAM" location="0x20000000" size="0x66000"/>&#x0A;<memoryInstance derived_from="RAM" id="SRAMX" location="0x4000000" size="0x18000"/>&#x0A;<memoryInstance derived_from="RAM" id="SRAMH" location="0x20066000" size="0x1000"/>&#x0A;<memoryInstance derived_from="RAM" id="USB_RAM" location="0x400ba000" size="0x1000"/>&#x0A;</chip>&#x0A;<processor>&#x0A;<name gcc_name="cortex-m33">Cortex-M33</name>&#x0A;<family>Cortex-M</family>&#x0A;</processor>&#x0A;<processor>&#x0A;<name gcc_name="cortex-m33-nodsp">Cortex-M33 (No DSP)</name>&#x0A;<family>Cortex-M</family>&#x0A;</processor>&#x0A;</info>&#x0A;</infoList>
