<data:item xmlns:data="data" xmlns:xsi="http://www.w3.org/2001/XMLSchema-instance" xsi:schemaLocation="data ../../xsd/alp.xsd" id="nas" type="demo" format="projectfile" versionSchema="1.0.0" name="nas">
    <display_title>
        nas
    </display_title>
    <overview>
        <![CDATA[nas]]>
    </overview>
    <toolchains>
        <toolchain name="mcux"></toolchain>
        <toolchain name="vscode"></toolchain>
    </toolchains>
    <families>
        <family name="mcx"></family>
    </families>
    <nxp_compatible_hw>
        <hw id="FRDM-MCXN947"></hw>
    </nxp_compatible_hw>
    <nxp_ebh_hw>
        <ebh id="nxp_lcd_par_s035"></ebh>
    </nxp_ebh_hw>
    <peripherals>
        <peripheral name="display"></peripheral>
    </peripherals>
    <categories>
        <category name="aiml"></category>
    </categories>
</data:item>